,AMZN_OPT,FB_OPT,EA_OPT,NFLX_OPT,ADBE_OPT
2019/10/30 9:30,,,0.1260365942646085,0.3248959664311818,
2019/10/30 9:40,,,0.1391962711124491,0.3414160406486784,
2019/10/30 9:50,,,0.12738929156915746,,
2019/10/30 10:00,,,0.11135459356429706,0.3410327192319184,
2019/10/30 10:10,,,0.11141437005614535,,
2019/10/30 10:20,,,0.11430351140731448,0.3562767583921893,
2019/10/30 10:30,,,0.1156165640758065,,
2019/10/30 10:40,,,0.12613860777740127,0.3825656564873542,
2019/10/30 10:50,,,0.12064007870393839,0.3920720529747034,
2019/10/30 11:00,,,,0.37689591760851515,
2019/10/30 11:10,,,0.12229377503928085,0.369766391195428,
2019/10/30 11:20,,,0.12471198530560068,0.3727671550448154,
2019/10/30 11:30,,,,0.37780127172338107,
2019/10/30 11:40,,,0.11915247695367764,0.36918340162484486,
2019/10/30 11:50,,,0.12243420564129698,0.36719797195726883,
2019/10/30 12:00,,,0.11949998200460493,,
2019/10/30 12:20,,,,0.3486776381534739,
2019/10/30 12:30,,,0.13023404509242414,,
2019/10/30 12:50,,,0.12413781645704375,0.3476409876356986,
2019/10/30 13:10,,,,0.37304906980965635,
2019/10/30 13:20,,,0.13476589364173724,,
2019/10/30 13:30,,,0.13777573908433005,,
2019/10/30 13:40,,,,0.3725479486265775,
2019/10/30 13:50,,,0.1379500080653866,,
2019/10/30 14:00,,,0.1421799002179006,0.37420583766577037,
2019/10/30 14:10,,,0.14628499653615296,0.37756744400671405,
2019/10/30 14:20,,,0.15105257015371476,,
2019/10/30 14:30,,,0.1530182255523923,,
2019/10/30 14:40,,,0.15709647764585638,,
2019/10/30 14:50,,,0.1735462429850227,0.3784675726600795,
2019/10/30 15:00,,,0.17862770120891214,,
2019/10/30 15:10,,,0.1818546761504335,0.3731086825025176,
2019/10/30 15:20,,,0.1889499851305535,,
2019/10/30 15:30,,,0.1898818023416582,0.3798445280066693,
2019/10/30 15:40,,,0.18913278259899047,0.3840769685573613,
2019/10/30 15:50,,,,,
2019/10/31 9:30,,,0.18213779813209802,0.3541906715430137,0.0571500763208201
2019/10/31 9:40,,,0.17325652199109237,0.33269547574978386,
2019/10/31 9:50,,,,0.3304671888223675,
2019/10/31 10:00,,,0.15972958990681074,0.32223260140410565,
2019/10/31 10:10,,,,0.3101541288128918,
2019/10/31 10:20,,,,0.3031562096943892,
2019/10/31 10:30,,,,0.30630205373855013,
2019/10/31 10:40,,,,0.31874902884920275,
2019/10/31 10:50,,,,0.3117439739059968,
2019/10/31 11:10,,,,0.3321004759953925,
2019/10/31 11:20,,,,0.3250038459064585,
2019/10/31 11:30,,,,0.32876161803668363,0.05444326749159872
2019/10/31 12:00,,,,0.3256632635922486,
2019/10/31 12:50,,,0.16231508634270908,,
2019/10/31 13:00,,,0.1693882060285382,0.3318690723410487,
2019/10/31 13:40,,,0.1623554674445627,0.31896116806904884,
2019/10/31 14:00,,,,0.32243110130502506,
2019/10/31 14:30,,,0.17168179873365758,,
2019/10/31 15:00,,,0.17915456246839206,,
2019/10/31 15:30,,,0.19374691990584286,0.32096757299044515,
2019/11/1 9:30,,,0.18697356971720802,0.3104262577627056,
2019/11/1 9:40,,,,0.3132262986845592,
2019/11/1 9:50,,,0.19306509403609862,0.3123433793638348,
2019/11/1 10:00,,,0.1948127522599365,0.3236913413787091,
2019/11/1 10:10,,,,0.3168979678118087,
2019/11/1 10:20,,,0.1878541967067316,,
2019/11/1 10:40,,,,0.3012248208629037,
2019/11/1 10:50,,,0.18524471970270362,,
2019/11/1 11:00,,,0.1788156764348917,0.3050222785523148,
2019/11/1 11:10,,,,0.30831547208626253,
2019/11/1 11:40,,,0.18565429636809183,0.3044869618262255,
2019/11/1 12:00,,,0.17438166877421735,0.2850779225003566,
2019/11/1 12:10,,,,0.28362285301086143,
2019/11/1 12:20,,,0.17458284835565574,,
2019/11/1 12:40,,,0.18157759473589846,,
2019/11/1 13:10,,,0.18434460537493125,,
2019/11/1 13:20,,,0.18406716869327,0.3205292583589247,
2019/11/1 13:30,,,0.1829400512115954,0.31414332870714456,
2019/11/1 13:40,,,0.18421521500724714,0.31689617454048735,
2019/11/1 13:50,,,,0.313757321817007,
2019/11/1 14:00,,,0.1802046871249831,0.311767313879438,
2019/11/1 14:30,,,,0.31033297746650945,
2019/11/1 14:40,,,,0.3150836521816167,
2019/11/1 15:00,,,,0.3155349703810853,
2019/11/1 15:10,,,0.173889335943676,0.31430783242217275,
2019/11/1 15:20,,,0.17990274932957856,,
2019/11/1 15:30,,,,0.3125369174757108,
2019/11/1 15:50,,,,,
2019/11/4 9:30,,,0.17228731086853333,0.32611978759486526,
2019/11/4 9:40,,,0.16424048688139342,0.3396738801343955,
2019/11/4 9:50,,,0.17186277039116626,0.34648111599341824,
2019/11/4 10:00,,,0.19295735784540863,0.33857503691826996,
2019/11/4 10:10,,,0.20131457379904222,,
2019/11/4 10:20,,,0.22050234762562826,0.364553370781995,
2019/11/4 10:30,,,0.21052292906022863,0.3593650001197549,
2019/11/4 10:40,,,0.21733971121045148,0.3651566104133407,
2019/11/4 11:00,,,,0.35400059024345387,
2019/11/4 11:20,,,0.2100394542482582,,
2019/11/4 11:30,,,,0.3514638270668359,
2019/11/4 11:40,,,,0.3631619769515405,
2019/11/4 11:50,,,0.22414985421275374,0.3715162075531181,
2019/11/4 12:00,,,0.21961784134709383,0.39325673033980535,
2019/11/4 12:10,,,,0.40520526819002184,
2019/11/4 12:20,,,,0.39769468096917404,
2019/11/4 12:30,,,,0.40711510111042737,
2019/11/4 12:40,,,,0.40679259718304817,
2019/11/4 12:50,,,,0.3994342737977047,
2019/11/4 13:00,,,0.21893079492265854,,
2019/11/4 13:10,,,,0.40401166841835645,
2019/11/4 13:20,,,0.22529066497534506,,
2019/11/4 13:30,,,0.22469627341274612,0.39616991462845585,
2019/11/4 13:40,,,0.23168888141471206,,
2019/11/4 13:50,,,0.2259800262477325,0.40275844357934726,0.05202081337697217
2019/11/4 14:00,,,0.22996977059584672,0.4034773872302661,
2019/11/4 14:10,,,,0.4004283064905389,
2019/11/4 14:20,,,0.22976845377300054,,
2019/11/4 14:30,,,0.2371961425124519,0.40232181707586273,
2019/11/4 14:40,,,0.24003625704921955,,
2019/11/4 14:50,,,,0.40232109276306,
2019/11/4 15:00,,,0.24656371996161008,0.3956378387665265,
2019/11/4 15:10,,,0.24340182800322047,,
2019/11/4 15:20,,,0.24420473042147955,0.38612549426439347,
2019/11/4 15:30,,,0.25189234584108267,,
2019/11/4 15:50,,,,,
2019/11/5 9:30,,,0.24672946860398687,0.3289046961196767,
2019/11/5 9:40,,,0.22611542285212366,0.3395127142823141,0.08899726664334184
2019/11/5 9:50,,,0.21642301927963498,,
2019/11/5 10:00,,,0.20031402182278252,0.3254250342184136,
2019/11/5 10:10,,,,,0.07030357438649042
2019/11/5 10:20,,,0.20886322877598062,,
2019/11/5 10:40,,,,0.3228486455257148,
2019/11/5 10:50,,,,,0.06139047765532474
2019/11/5 11:00,,,,0.3283619793238386,0.07075203733259795
2019/11/5 11:10,,,0.23788923728652023,,
2019/11/5 11:30,,,0.24032882121560006,,
2019/11/5 11:50,,,0.24223552748565896,0.33581512681417547,
2019/11/5 12:00,,,0.2461287096109498,0.3413875204895711,0.08420572092357986
2019/11/5 12:20,,,,0.3319555672402304,0.0831956949005141
2019/11/5 12:30,,,0.2528360043443746,,
2019/11/5 12:40,,,0.2569000961030288,,
2019/11/5 12:50,,,0.25943203224919564,,
2019/11/5 13:00,,,,0.3336000818098655,
2019/11/5 13:20,,,0.26899719814909434,0.3315940615141503,
2019/11/5 13:30,,,0.26713314162185586,0.3263095325538046,
2019/11/5 14:00,,,0.264009467253695,,
2019/11/5 14:20,,,0.26373484871804187,0.32470546181729887,
2019/11/5 14:30,,,0.2636925949047705,0.31832721040657597,
2019/11/5 14:40,,,,0.3185649847977005,
2019/11/5 14:50,,,0.2613083820687146,,0.07608176671332892
2019/11/5 15:10,,,,,0.08038802102274945
2019/11/5 15:50,,,,,
2019/11/6 9:30,,,,0.31048748765362255,
2019/11/6 9:40,,,,0.3335780815936804,
2019/11/6 9:50,,,0.26048189271850053,0.33452366928531063,
2019/11/6 10:00,,,,0.34425810108999766,
2019/11/6 10:20,,,0.24861459438218514,,
2019/11/6 10:40,,,,,0.06428971894414377
2019/11/6 10:50,,,,0.321739100910746,
2019/11/6 11:00,,,,0.32025593931901464,
2019/11/6 11:10,,,0.25466941816638955,0.3134961768894443,
2019/11/6 11:20,,,0.25996994712974686,,
2019/11/6 11:50,,,0.2576295308456102,0.3099197436157952,0.0688229391317709
2019/11/6 12:00,,,0.2649746669820032,,
2019/11/6 12:30,,,0.2629795855672172,,
2019/11/6 12:40,,,,0.32529193898942477,
2019/11/6 12:50,,,0.2514520323315278,,
2019/11/6 13:00,,,0.256802144809514,,
2019/11/6 13:20,,,0.26347252217925377,0.3330306759293779,
2019/11/6 13:30,,,0.2651269101966305,,
2019/11/6 13:40,,,,0.33031269005872776,
2019/11/6 13:50,,,0.2598054412318639,,0.06864957876210757
2019/11/6 14:00,,,,0.33393054979983805,
2019/11/6 14:10,,,0.25298064529641306,0.32885341444237454,
2019/11/6 14:30,,,,,0.06799449325956355
2019/11/6 14:40,,,,0.3212983311950015,
2019/11/6 14:50,,,,0.32481125983245573,
2019/11/6 15:50,,,,,
2019/11/7 9:30,,,0.25336400876543425,0.3603410051714535,
2019/11/7 9:40,,,0.2630997306995908,,
2019/11/7 9:50,,,0.26207165347601025,0.3662382705663466,0.08779861659302057
2019/11/7 10:00,,,0.2490931140792247,,0.0921513990221165
2019/11/7 10:10,,,,0.3812563524766896,
2019/11/7 10:20,,,,0.38446029635767504,
2019/11/7 10:30,,,,,0.09887495731030188
2019/11/7 10:40,,,0.2399541556655937,,
2019/11/7 10:50,,,0.23403826886425494,,
2019/11/7 11:00,,,0.23937613713665706,0.42708425947847733,
2019/11/7 11:10,,,,0.41157745699040515,
2019/11/7 11:20,,,,0.3884757794450471,
2019/11/7 11:30,,,,0.3871866336738143,
2019/11/7 11:50,,,0.23460975195011308,0.3834296154689826,
2019/11/7 12:00,,,0.22811193839772154,,
2019/11/7 12:10,,,,0.38378061114787354,
2019/11/7 12:30,,,,0.3823546869097746,
2019/11/7 13:00,,,,,0.0810392977877546
2019/11/7 13:10,,,,0.36645189717102666,0.083563573240092
2019/11/7 13:40,,,,0.36392007948452093,
2019/11/7 13:50,,,0.22360320554833574,0.3665457402262672,
2019/11/7 14:00,,,0.22559583894241053,,
2019/11/7 14:10,,,0.21208925273514534,0.36041054941425155,
2019/11/7 14:30,,,0.20519535052788868,,
2019/11/7 14:40,,,0.1993414673073396,0.3396517122769559,
2019/11/7 14:50,,,0.20236921859389323,0.34339846705495636,
2019/11/7 15:10,,,,0.33799440966017635,0.08187510108368962
2019/11/7 15:20,,,0.1987666275159204,,
2019/11/7 15:30,,,0.20108210025145073,,
2019/11/7 15:40,,,0.19864324814760376,0.3281796580490355,
2019/11/7 15:50,,,,,
2019/11/8 9:30,,,0.17633082312486165,0.3131368260860843,0.07777718543128484
2019/11/8 9:40,,,0.18938011916881242,0.32115760062515675,
2019/11/8 9:50,,,0.20920081334685964,,
2019/11/8 10:00,,,0.20265245972008433,,
2019/11/8 10:10,,,0.1883860565563274,0.3740937076206594,
2019/11/8 10:20,,,0.18872650801180535,0.3758842678660319,0.07780879420321647
2019/11/8 10:30,,,0.19553061969641827,0.3739695733471977,0.07864566397954276
2019/11/8 10:50,,,0.21406760653794443,0.3776840857291309,
2019/11/8 11:00,,,,0.37109927240218543,
2019/11/8 11:30,,,,0.3786419128493616,
2019/11/8 11:40,,,,0.38120683257925975,
2019/11/8 11:50,,,0.2086400835274117,0.3758726254599625,
2019/11/8 12:00,,,,0.37214483149527405,
2019/11/8 12:20,,,0.2134097263684342,,
2019/11/8 12:30,,,,0.3776532283219002,
2019/11/8 12:40,,,,0.37399487510700014,
2019/11/8 13:40,,,,0.35850555665855266,
2019/11/8 13:50,,,,0.3551874971045861,
2019/11/8 14:00,,,,0.3480172080267366,
2019/11/8 14:30,,,,0.3516260677352259,
2019/11/8 14:50,,,0.22489205738152196,,
2019/11/8 15:00,,,0.2268808525431571,,
2019/11/8 15:10,,,,0.3539496268668799,
2019/11/8 15:40,,,0.21664342887906407,,
2019/11/8 15:50,,,,,
2019/11/11 9:30,,,,,
2019/11/11 9:40,,,,,
2019/11/11 9:50,,,0.1898688663656683,0.3677052260951653,
2019/11/11 10:00,,,,,
2019/11/11 10:10,,,,,
2019/11/11 10:20,,,,,
2019/11/11 10:30,,,,,
2019/11/11 10:50,,,0.1898319909195323,,
2019/11/11 11:10,,,,,
2019/11/11 11:20,,,,,
2019/11/11 11:30,,,,,
2019/11/11 11:40,,,,,
2019/11/11 11:50,,,,,
2019/11/11 12:10,,,,,
2019/11/11 12:20,,,,,
2019/11/11 12:30,,,,,
2019/11/11 12:40,,,,,
2019/11/11 12:50,,,,,
2019/11/11 13:10,,,,0.39503632358140794,
2019/11/11 13:20,,,,,
2019/11/11 13:40,,,,,
2019/11/11 13:50,,,,,
2019/11/11 14:10,,,,0.40392217386865087,
2019/11/11 14:20,,,,,
2019/11/11 14:30,,,,,
2019/11/11 14:40,,,,,
2019/11/11 15:10,,,,,0.07025198942169261
2019/11/11 15:20,,,0.15822176952457856,0.39002930848797,
2019/11/11 15:40,,,,,
2019/11/11 15:50,,,,,
2019/11/12 9:30,,,,,0.0788399785126489
2019/11/12 9:40,,,0.1266453977134897,0.34911853960493355,
2019/11/12 9:50,,,,0.3420378946086588,
2019/11/12 10:00,,,,0.3200293064290422,
2019/11/12 10:10,,,,0.34193853314141365,
2019/11/12 10:20,,,0.1498673069322573,0.36209732082642443,0.08805386211278854
2019/11/12 10:30,,,0.14780855652662467,0.36493028969103825,
2019/11/12 10:40,,,0.14478531147474039,0.3735363710081978,
2019/11/12 11:00,,,,0.3666944460507573,0.08302745814420398
2019/11/12 11:20,,,,0.36425467543627305,
2019/11/12 11:30,,,,0.356262551165166,
2019/11/12 11:40,,,,,0.08661226904396585
2019/11/12 11:50,,,,0.34835540378785235,
2019/11/12 12:00,,,,0.34902102067402363,
2019/11/12 12:50,,,,0.3451422436734567,
2019/11/12 13:30,,,,0.3519047518756582,
2019/11/12 13:40,,,,0.3494366162581807,
2019/11/12 14:00,,,0.14334144125193082,0.33904601684083824,
2019/11/12 14:20,,,,0.3351331381548515,
2019/11/12 14:40,,,,0.3265332997907151,
2019/11/12 14:50,,,0.13145472553965765,0.32343506797861565,
2019/11/12 15:00,,,,0.3256009569948317,
2019/11/12 15:20,,,,0.33158694687314827,
2019/11/12 15:30,,,,0.3295563332474182,
2019/11/12 15:40,,,,0.34616796930303007,
2019/11/13 9:30,,,,0.34833378529650505,0.07340358309716997
2019/11/13 9:40,,,0.13711247114157876,0.3337095009041501,0.07248683623885761
2019/11/13 9:50,,,,0.33126012054646714,
2019/11/13 10:00,,,,0.33747134927080835,
2019/11/13 10:10,,,,0.35444420031394785,
2019/11/13 10:20,,,0.14223887512538885,0.3551835526467808,
2019/11/13 10:30,,,,0.3464174433282867,0.07632209914860798
2019/11/13 10:40,,,,0.3433277731686196,
2019/11/13 10:50,,,0.12568703191731012,,
2019/11/13 11:00,,,,0.3297372702042193,
2019/11/13 11:20,,,,0.32422435523148874,
2019/11/13 11:40,,,0.13528403275321071,0.3268770784591507,
2019/11/13 12:00,,,,0.3103448748963197,
2019/11/13 12:10,,,,0.3198139752217447,
2019/11/13 12:20,,,,0.300109639737992,
2019/11/13 12:30,,,,0.2819830755990694,
2019/11/13 12:40,,,,0.2822870011313101,
2019/11/13 12:50,,,,0.2779354349483151,
2019/11/13 13:00,,,,0.2614326696213045,
2019/11/13 13:20,,,,0.2441278493726648,
2019/11/13 13:30,,,,0.25903828945977114,
2019/11/13 13:40,,,0.15600856599330676,0.24935893556115452,
2019/11/13 13:50,,,,0.2283170849033731,
2019/11/13 14:00,,,,0.22791003367597962,
2019/11/13 14:10,,,,0.2316692549261859,0.07797273013670813
2019/11/13 14:20,,,,0.23298579437077105,
2019/11/13 14:50,,,,0.25304335567450864,
2019/11/13 15:10,,,,0.23674336021484865,
2019/11/13 15:20,,,,0.23151834711062508,
2019/11/13 15:30,,,,0.23048681081702077,
2019/11/13 15:40,,,,0.22743406030914587,
2019/11/13 15:50,,,,,
2019/11/14 9:30,,,0.1670226482695355,0.2728609970889888,
2019/11/14 9:40,,,0.16763853004820517,0.26999888595077565,
2019/11/14 9:50,,,,0.2689421030580036,
2019/11/14 10:00,,,0.17803765584921866,0.28910413000627777,
2019/11/14 10:10,,,,0.2708390575632469,
2019/11/14 10:20,,,,0.28277872697601225,
2019/11/14 10:30,,,,0.29045636103800765,
2019/11/14 10:40,,,0.17739345804238288,0.2907742490355478,
2019/11/14 10:50,,,,0.2755520695069156,
2019/11/14 11:00,,,,0.2812375767960892,
2019/11/14 11:20,,,0.18429746561727173,,
2019/11/14 11:30,,,0.18898300076733182,0.28359787165199046,
2019/11/14 11:40,,,0.17328150855579277,,
2019/11/14 11:50,,,,0.27733278652269466,
2019/11/14 12:10,,,0.1765912503834683,0.2741728821606713,
2019/11/14 12:20,,,,0.27575042958575924,0.079071044314388
2019/11/14 12:30,,,,0.2852237068982458,
2019/11/14 12:40,,,0.20472773425181362,0.29577640609225125,
2019/11/14 12:50,,,0.2132276242130997,0.3013200662654654,
2019/11/14 13:00,,,,0.30528592282997347,
2019/11/14 13:10,,,0.220617903900374,0.3106247325428342,
2019/11/14 13:20,,,,0.3013491383772513,
2019/11/14 13:30,,,0.22203586439378187,0.3124265111332656,
2019/11/14 13:40,,,0.2103322974798053,,
2019/11/14 13:50,,,0.20050648119529657,,
2019/11/14 14:00,,,0.19276679194031748,0.30609361964029924,
2019/11/14 14:10,,,0.19747721049607297,0.3097566409480963,
2019/11/14 14:20,,,,0.31293125365226915,
2019/11/14 14:30,,,,0.3132350216230149,
2019/11/14 15:00,,,,0.3175113928178872,
2019/11/14 15:20,,,,0.317942682814775,
2019/11/14 15:30,,,,0.31896412448548717,
2019/11/14 15:40,,,,0.3125207078326143,
2019/11/14 15:50,,,,,
2019/11/15 9:30,,,0.24722219977140264,,0.09570954583399416
2019/11/15 9:40,,,,0.32858757657672133,
2019/11/15 9:50,,,,0.33710373079269507,
2019/11/15 10:00,,,,0.3432446312190197,
2019/11/15 10:10,,,0.1954369217067688,0.35409850528487913,
2019/11/15 10:20,,,0.1916219665021725,0.37295237752538524,
2019/11/15 10:30,,,,0.3695729230317241,
2019/11/15 10:40,,,,0.3706208135464445,
2019/11/15 10:50,,,0.1943399050488362,0.37351925194849867,
2019/11/15 11:00,,,0.20087816725414864,0.38759134883535196,
2019/11/15 11:30,,,,0.3693204683439637,
2019/11/15 11:40,,,0.19384941380472648,,
2019/11/15 11:50,,,0.18844156539056955,0.3633526113422951,
2019/11/15 12:00,,,,0.3594169444843266,
2019/11/15 12:10,,,0.18742977181593123,,
2019/11/15 12:20,,,0.1884862737443263,0.36075097203943934,
2019/11/15 12:30,,,0.19173613347293256,0.3603450868259688,
2019/11/15 12:40,,,,0.37350479828221594,
2019/11/15 12:50,,,0.17942549136273467,0.37611519433200447,0.09205034078437452
2019/11/15 13:00,,,,,0.09381314098017568
2019/11/15 13:10,,,,0.37681424683097703,
2019/11/15 13:20,,,,0.3703328966757966,
2019/11/15 13:40,,,,0.37750421222783676,
2019/11/15 13:50,,,,0.3810694006537177,
2019/11/15 14:00,,,,0.3853643747689928,
2019/11/15 14:10,,,,0.3778000330372068,
2019/11/15 14:20,,,0.18096864248931616,,
2019/11/15 14:50,,,,0.37882418335672,
2019/11/15 15:00,,,0.17344399440718872,,0.09520230029675847
2019/11/15 15:10,,,0.17247499977970265,0.3819977297687223,
2019/11/15 15:20,,,0.1751804049073199,0.3748774149620567,
2019/11/15 15:30,,,,0.3781419057016966,
2019/11/15 15:40,,,,0.38086819462001587,
2019/11/18 9:30,,0.4007411026115608,0.16902882454360973,0.3772954478345669,
2019/11/18 9:40,,0.40824636604175135,0.15699710211506807,0.42052752157747647,
2019/11/18 9:50,,0.42203732634001834,,0.45646616124429185,
2019/11/18 10:00,,0.4115035712810945,,0.4562002325328628,
2019/11/18 10:10,0.4216735659919619,0.39598839188654694,0.15686310899465228,0.4641948553933237,
2019/11/18 10:20,0.4276531755242804,0.39401230456449443,,0.4682984762282998,
2019/11/18 10:30,0.45486423045629515,0.3962304649864359,,0.4977666861584995,
2019/11/18 10:40,,,,0.49491923346357786,
2019/11/18 10:50,,0.4111503439307489,0.17576417061997945,0.4895668841029873,
2019/11/18 11:00,,0.40920560830133806,,0.4752413896555217,
2019/11/18 11:10,,0.4148694749478112,,0.4921793166854875,0.10007069833105137
2019/11/18 11:20,,0.4251904988068874,,0.4876945291035837,
2019/11/18 11:30,0.4873493068918529,0.43961454192640537,,0.49155734940245255,0.10438933078962026
2019/11/18 11:40,,0.45193498256560766,,0.4969610553118679,
2019/11/18 11:50,,0.45139313958766314,,0.4980289158639119,
2019/11/18 12:00,,0.4542374178272091,,0.503479714580463,
2019/11/18 12:10,,0.4521819825213678,,0.5112932092363797,
2019/11/18 12:20,,0.44635455058569395,,0.5067114115816918,
2019/11/18 12:30,,0.4499532056058578,,0.5117908811127939,
2019/11/18 12:40,,0.4457270853585084,,0.5097837254385034,
2019/11/18 12:50,,,0.16728592462446046,0.5073213831197941,
2019/11/18 13:00,,,0.16814786040531832,0.4941932753409221,
2019/11/18 13:10,,0.45347846028331573,,0.5016448579735114,
2019/11/18 13:20,,0.4873439194213972,,0.5167408385213275,
2019/11/18 13:30,,0.5016400851545054,0.16783156882009892,0.5131313126506585,
2019/11/18 13:40,,0.5030076112727412,0.16893532317675997,0.5105194997595485,
2019/11/18 13:50,,0.522798710073105,,0.5088082712474868,
2019/11/18 14:00,,0.534400451008156,0.1752361665318652,0.5122027402175787,
2019/11/18 14:10,,0.537010801790011,0.17725419123859248,0.5096932965204849,
2019/11/18 14:20,,0.5481039770115677,0.18275408282130218,0.519536786863022,
2019/11/18 14:30,,0.5423015946720148,,0.5191073580722152,
2019/11/18 14:40,,,,0.514403021729054,
2019/11/18 14:50,,0.5467657693183787,0.18199247157986692,0.5132295730044308,
2019/11/18 15:00,,0.5416784663237624,0.17957061691884885,,
2019/11/18 15:10,,0.5284612278585887,,0.4985088701922644,
2019/11/18 15:20,,0.524190060006927,,0.4989315488726133,
2019/11/18 15:30,,0.5137201261927028,,,
2019/11/18 15:40,,0.5105496603565837,,0.48839720584434076,
2019/11/18 15:50,,,,,
2019/11/19 9:30,,0.5679283515582976,0.16374534896031967,0.4848167333874912,
2019/11/19 9:40,0.5123222782359735,0.5819921346441138,0.14881605876230647,0.4653950747606704,0.09370012518167392
2019/11/19 9:50,0.48872246718286677,0.5757261652987726,,0.4515288871590518,
2019/11/19 10:00,0.4953420804148626,0.5542309267076974,0.13762911158622432,0.4703699084908669,0.09805001871481955
2019/11/19 10:10,0.4990349495789808,0.5723618732807686,0.1312585632177815,0.47617820831611074,
2019/11/19 10:20,,0.5567627835781974,,0.47759461189704155,
2019/11/19 10:30,0.4957886431141097,0.5636656805295815,,0.45689187657911545,
2019/11/19 10:40,,0.5478218732630709,,0.45342839246304995,
2019/11/19 10:50,,0.5457369024103248,,0.43515029252211657,
2019/11/19 11:00,,,,0.4430789420790815,
2019/11/19 11:10,,0.5675936732267155,0.12563346625102195,0.44865291566409155,
2019/11/19 11:20,,,0.12830791511848882,0.4628687030369802,0.1051594493288256
2019/11/19 11:30,,,0.1302500148238443,0.4786070647949479,0.108446026197131
2019/11/19 11:40,0.49847161972154386,0.5765472172167966,,0.47347974853448604,
2019/11/19 11:50,,0.5767188062535612,0.12524133347391203,0.4914949781012848,
2019/11/19 12:00,0.4995630210787213,0.5584463205719852,,0.486400205861236,0.1079631428230487
2019/11/19 12:10,,0.5638078542007638,0.12918157966806293,0.4854887954553144,
2019/11/19 12:20,0.510604463268071,0.5765627201895074,,0.48702754413688776,
2019/11/19 12:30,,,,0.5029773507521738,
2019/11/19 12:40,0.525277798467593,0.5885708099896936,,0.5090727623556579,
2019/11/19 12:50,0.5278524818499051,0.5813939889730152,,0.5137093516323414,
2019/11/19 13:00,,,0.13351004477606454,0.5065473780712274,
2019/11/19 13:10,0.5314168474171637,0.5730873854535252,,0.5054193645210713,
2019/11/19 13:20,0.524694665996332,,,,
2019/11/19 13:30,0.5126668226949689,0.578669125881885,,0.49231922083121954,
2019/11/19 13:40,,0.5826403568929439,,,
2019/11/19 13:50,0.5070304598858052,,0.1239680383391491,0.4843930333021554,
2019/11/19 14:00,0.5157581679541008,,,0.49641119809134276,
2019/11/19 14:10,,,0.13179121048440062,0.4987860579721925,
2019/11/19 14:20,,0.5841091716049456,,,
2019/11/19 14:30,0.5121610338281827,,,0.5061335876754304,0.13018923646713926
2019/11/19 14:40,,0.579547885504108,,0.505533327016178,
2019/11/19 14:50,0.5040579971078025,,,0.49689395171712025,
2019/11/19 15:00,0.5081248246953199,,,0.4956404662166022,
2019/11/19 15:10,,0.5659792610953792,,0.49751740655616533,
2019/11/19 15:20,,0.5674171462043317,,0.5006520841907408,
2019/11/19 15:30,,0.5695917042311132,,0.5059930285793947,0.13133212019422685
2019/11/19 15:40,0.4948977709335185,0.5689298075258064,,0.5012257287865816,0.12945888945837425
2019/11/19 15:50,,,,,
2019/11/20 9:30,,0.5294218164283359,,0.5179724067779083,
2019/11/20 9:40,,0.5496172963421888,0.16340801406958905,0.5443298933940854,
2019/11/20 9:50,,0.5470588844581257,,0.555311531517883,
2019/11/20 10:00,0.5049470247598324,0.5447264922428589,0.1721313040720313,0.5541146574187424,0.14141020091363493
2019/11/20 10:10,0.5183369498071319,0.5433697478544204,,0.5490598719514544,
2019/11/20 10:20,0.5296436733229607,0.5613143300230028,,0.5550411358612806,
2019/11/20 10:30,0.535993795014838,0.574446830886171,0.17204899572277138,0.5539968732845577,
2019/11/20 10:40,,0.5614818612794091,,0.5489333903814494,0.14586455518731267
2019/11/20 10:50,,0.572482420525239,,0.5574868417435771,
2019/11/20 11:00,,,0.18284924184901147,0.5561502993404964,0.14873196756169843
2019/11/20 11:10,,0.5510150000715139,0.17917294304609394,0.5569842524810639,
2019/11/20 11:20,,0.5597334001118776,,0.5611584234572978,
2019/11/20 11:30,0.5058445218909896,0.5520663755259001,,0.5521481999037287,
2019/11/20 11:40,,,,0.5442964455291682,
2019/11/20 11:50,,,,0.5473668310375039,
2019/11/20 12:00,0.5150047637083005,0.5432797070192266,,0.544279813357141,
2019/11/20 12:10,0.509344851615198,,0.21340773330245477,0.5521295922317607,0.12945717714651028
2019/11/20 12:20,,,,0.5472782096096275,
2019/11/20 12:30,,0.5495007081178395,,0.545514949949426,
2019/11/20 12:40,,,0.21879689743933534,,
2019/11/20 12:50,0.47000130109075955,0.5118463929873274,0.20986410137623485,0.5120016441162574,
2019/11/20 13:00,0.45346461297203766,0.48251466674780935,,0.4898744359895465,
2019/11/20 13:10,0.43210978154920715,0.4737726404204172,,0.47758237167205614,
2019/11/20 13:20,,0.4903936063746035,,0.4952397103286657,
2019/11/20 13:30,,0.48942533676020156,,,0.11191902558208505
2019/11/20 13:40,,0.4858632221681604,0.18713804195525613,0.5014529330468995,
2019/11/20 13:50,,0.5011137074430394,0.1884070439090798,0.5042545285544991,
2019/11/20 14:00,,0.4950274957142383,,0.5005897875576246,
2019/11/20 14:10,,0.4991646470508388,0.17934552726869674,0.49300885690545265,
2019/11/20 14:20,,0.5052659181903921,,0.5012361175697159,
2019/11/20 14:30,0.4604717065493979,0.5012799998730406,,,
2019/11/20 14:40,,,0.17711660403760265,0.5103648726205879,
2019/11/20 14:50,,,,0.5141100315439209,
2019/11/20 15:00,,,,0.5133914990619282,
2019/11/20 15:10,,0.49376349073240605,,0.5057505186306704,
2019/11/20 15:20,,0.4930013870854493,,0.5064507726231671,
2019/11/20 15:30,,0.49744071337797807,0.17722786889602565,0.5090279867788947,
2019/11/20 15:40,,0.5155887338369742,,0.5221225578487177,
2019/11/20 15:50,,,,,
2019/11/21 9:30,,0.5291474893998327,,0.5421569977647723,
2019/11/21 9:40,,0.5235793848176375,,0.5771736002126711,
2019/11/21 9:50,,0.5479837639754509,,0.5437701392532567,
2019/11/21 10:00,,0.5576760480360351,,0.5488633399738082,
2019/11/21 10:10,0.4420189878433927,0.5329081287255885,,0.5376756218944114,
2019/11/21 10:20,,0.5383820517307885,,0.5336933717549542,
2019/11/21 10:30,0.4431468683854171,0.5507149541704733,,0.5372804839892552,
2019/11/21 10:40,,,0.19997192075794645,0.5509219632146624,
2019/11/21 10:50,,0.5333945065752016,,0.546370453910455,
2019/11/21 11:00,,0.5531002808289878,0.2114814176691318,0.5597450900751542,
2019/11/21 11:10,,0.5567818614749828,0.2085526276336882,0.5627954593083696,
2019/11/21 11:20,,0.5430467940488336,,0.5638329224371167,0.10339046654068923
2019/11/21 11:30,,0.5256439114682866,,0.5600312390389154,
2019/11/21 11:40,,0.538313200766677,,0.5695294892091065,
2019/11/21 11:50,,,,0.5554552544756877,
2019/11/21 12:10,,0.5062487703721772,,0.5743525470357673,
2019/11/21 12:20,,0.5179749443811211,,0.5784807142139493,
2019/11/21 12:30,,0.5393268554828698,,0.5902277614985109,
2019/11/21 12:40,,0.5326278186322985,,0.5903455807018498,
2019/11/21 12:50,,0.5423290814802743,,0.6064256317052334,
2019/11/21 13:00,,,,0.600141910369382,0.10640159114917441
2019/11/21 13:10,,,,0.6013760685045886,0.10383997023331992
2019/11/21 13:20,,,,0.6009103937266719,
2019/11/21 13:30,,0.5443475580976564,,0.6037228500247535,0.09869830535700874
2019/11/21 13:40,0.4209025171134604,0.5552156237725951,,,
2019/11/21 13:50,0.4162696333562246,0.5621917445553318,,0.5917082860432176,0.10349011464476965
2019/11/21 14:00,,0.5524301219199367,,0.6117200319189464,0.10362499401253994
2019/11/21 14:10,,0.5641599979213359,,0.6096003862181244,0.1076927748819867
2019/11/21 14:20,,0.5571229294987703,0.21436675711880826,,
2019/11/21 14:30,0.4357765987655705,,,0.6214496012132251,
2019/11/21 14:40,,0.5414105850491048,,,
2019/11/21 14:50,,0.546029734115753,,0.6206592188056768,0.10262634423181272
2019/11/21 15:10,,0.5413716775811879,,0.626926552120777,
2019/11/21 15:20,,0.5343719731418822,,0.6307134312509357,
2019/11/21 15:30,,0.5264586651333474,,0.6116446456827718,
2019/11/21 15:40,,0.5263068891093097,0.214892139189999,0.6111402916660378,0.09119499283992388
2019/11/21 15:50,,,,,
2019/11/22 9:30,,0.5639061571116504,0.21127857581594112,0.5520535245538666,
2019/11/22 9:40,,0.5598644528803047,,0.5875436990389974,0.1030617488277914
2019/11/22 9:50,,0.5689893505786466,,0.5929454873322323,0.09534283025836843
2019/11/22 10:00,,0.563136473995771,,0.5716107158082963,
2019/11/22 10:10,,,,0.542005712267299,
2019/11/22 10:20,,0.5490044967545332,,0.54605062872223,
2019/11/22 10:30,,0.5310107166127768,0.19270657126360996,0.5271680670247302,
2019/11/22 10:40,,0.5428864064682013,,0.532361789842803,
2019/11/22 10:50,0.4255987619392028,0.5369806494448891,,0.5485524764108602,
2019/11/22 11:00,,0.5378639824803765,,0.5509310361218734,0.07641468148157587
2019/11/22 11:10,0.4154389947084852,0.5358064443314433,,0.5636052074352025,
2019/11/22 11:20,,0.5462514105547803,,0.5806134584552664,
2019/11/22 11:30,,,,0.5914294696045022,
2019/11/22 11:40,,,,0.5906253372012998,
2019/11/22 11:50,,0.5404022452445387,,0.5822617222421196,
2019/11/22 12:00,,,,0.5840942174265571,
2019/11/22 12:10,,,0.20679859834132464,0.5890702165789364,
2019/11/22 12:20,,0.569754906757257,,0.5943237962439049,
2019/11/22 12:30,,0.5699586870972642,,0.5912334431336036,
2019/11/22 12:40,,0.56844809245615,,0.6043596362381718,
2019/11/22 12:50,,0.5696341213737792,,0.6111965352274089,
2019/11/22 13:00,,,,0.6047827607502019,
2019/11/22 13:10,,,0.20982543358335692,0.6019573886257304,
2019/11/22 13:20,,0.5671189220449095,,0.5972358424691626,
2019/11/22 13:30,,0.5687474562672211,,,
2019/11/22 13:40,,0.5563283420897831,,0.5831543026273351,
2019/11/22 13:50,,,0.21413233008954818,,0.07724096264534341
2019/11/22 14:00,,0.5449322943896281,,0.5870812858920279,
2019/11/22 14:10,,0.5475058910467613,,,
2019/11/22 14:20,,,0.2282078636971886,,
2019/11/22 14:30,,0.5457579876298055,,,
2019/11/22 15:00,,0.5619279732947561,,,
2019/11/22 15:10,0.45310638694584504,,0.21194664887377118,,
2019/11/22 15:20,0.4592959179645708,0.5537734622621986,0.21311517169471317,,
2019/11/22 15:30,0.4564693883585635,,0.20322689798764126,0.595569837718868,
2019/11/22 15:40,,0.5525869444527226,0.196043456639864,0.5951950573125716,
2019/11/22 15:50,,,,,
2019/11/25 9:30,0.5377653644561106,0.6139696442051142,0.25215686792668346,0.5861718125544645,
2019/11/25 9:40,,0.6035572548368858,0.2585752748031776,0.5374431846897313,0.13242461560513896
2019/11/25 9:50,0.5699803195143408,0.6092884365437001,0.25000746457206063,0.5641769752564126,
2019/11/25 10:00,,0.60226044950177,0.29303022003810986,0.5862850331234214,0.12132340171322559
2019/11/25 10:10,,0.5876389524058035,0.2715495654586445,0.6037038941793577,0.12269693403977672
2019/11/25 10:20,,0.6106128375764582,,0.6037502317812699,
2019/11/25 10:30,,0.6103560154803285,,0.6241241908528687,
2019/11/25 10:40,,0.6107351706691666,,,
2019/11/25 10:50,,0.6085940351891688,,,
2019/11/25 11:00,,0.62131520567944,,0.6276899868809265,0.14039916741350356
2019/11/25 11:10,,0.6119023237082946,0.23593250534482313,0.631242748105285,
2019/11/25 11:20,,,,0.6394659155050597,0.13941607265769534
2019/11/25 11:30,,0.608394482695539,0.22945707865141945,,0.1418569694725409
2019/11/25 11:40,0.5833206866994766,,,0.6394051601179666,
2019/11/25 11:50,0.5885570319734842,0.6161925939384187,,0.6428962414977848,0.14758019618350943
2019/11/25 12:00,,0.6281688768686844,,0.6528526061142473,0.14777698407423834
2019/11/25 12:10,,0.6174183243827303,0.22036205601237618,0.6474639579418271,0.14515827723556213
2019/11/25 12:20,0.5813379392519419,0.6123246575370475,,0.6367727242876676,0.14200600978994743
2019/11/25 12:30,0.5945196984625424,,,0.6446604224491568,
2019/11/25 12:40,0.594127252264984,,,0.6469918131516379,
2019/11/25 12:50,,0.6185424167871538,,0.6543462740943979,
2019/11/25 13:00,,0.6065739490639293,,0.6533791820748176,
2019/11/25 13:10,,,,0.6588192562277867,
2019/11/25 13:20,,,0.22710399675858517,0.6544936799487917,0.14961636702739572
2019/11/25 13:30,,0.6070584102258574,0.2230382597383912,0.6662013503320534,0.15076526601675633
2019/11/25 13:40,,0.6039582191576566,,,
2019/11/25 13:50,,0.5981335138387638,,0.6487152881702951,
2019/11/25 14:00,,0.5905120191766771,,,
2019/11/25 14:10,,0.5971911777215296,0.20854018909847805,,0.15154411224849007
2019/11/25 14:20,,0.5885575437139452,,0.658299166614925,
2019/11/25 14:30,,0.5913373413637916,0.19927312590579632,,
2019/11/25 14:40,,0.5882209673590387,,,0.15167867016879893
2019/11/25 14:50,,0.5931597578433302,0.20348097010983646,0.6671279598846409,0.15679893258755095
2019/11/25 15:00,,0.601563097857566,,0.6688664090533178,
2019/11/25 15:10,,,,0.6694265169511961,
2019/11/25 15:20,,0.6050356280012563,,0.6672715002049775,
2019/11/25 15:40,,0.5898058515289196,0.2004525375669679,,
2019/11/25 15:50,,,,,
2019/11/26 9:30,0.6975730915604905,0.5812600058894012,0.2091456118042221,0.6439768275597227,
2019/11/26 9:40,,0.5930545489990454,0.18580884898784256,0.6475912229888864,
2019/11/26 9:50,,,,0.651210120349879,
2019/11/26 10:00,,0.5721911442581538,,0.6594262790636103,
2019/11/26 10:10,,0.581928097518574,,0.6520162587371285,
2019/11/26 10:20,,,0.19293981641551505,0.6414611986570073,
2019/11/26 10:30,,0.5849146476543817,,0.641229626758394,
2019/11/26 10:40,,0.5930422742981695,0.17352060173439549,0.666389259255623,
2019/11/26 10:50,,,0.1694388582174829,0.6547950244714924,
2019/11/26 11:00,,0.5927796832075815,0.1631130176276228,,
2019/11/26 11:10,,0.5904087460765354,,,0.18558360197906332
2019/11/26 11:20,,0.586937476272183,,0.6577883564311626,
2019/11/26 11:30,,,,0.6638511013475249,
2019/11/26 11:40,,0.5915625746658195,0.16916660386860494,0.6533094873273958,
2019/11/26 11:50,,0.5894617321099346,,,0.18422364485022175
2019/11/26 12:00,,0.5972163481729812,,,
2019/11/26 12:10,,0.594470539379994,,0.6716459445691055,
2019/11/26 12:20,,0.5925064988275837,,,
2019/11/26 12:40,,,,0.6697783378859512,
2019/11/26 12:50,,0.5937827302049671,0.1839150280229025,,
2019/11/26 13:00,,0.5903414625839601,,0.6597366339338622,
2019/11/26 13:30,,0.5729877059810616,0.19278695600829165,,
2019/11/26 13:40,,0.5755451072326917,,0.651784106032522,
2019/11/26 13:50,,0.5669084212297244,,,
2019/11/26 14:00,,0.5752440964819656,,,
2019/11/26 14:10,,0.5746683954008426,,0.6717951830761457,0.20273851123328718
2019/11/26 14:40,,,,,0.191245051887876
2019/11/26 15:00,,0.5657900714067027,,,0.18135745016597982
2019/11/26 15:10,,0.5641416603592742,0.18721603315808344,,
2019/11/26 15:20,0.666628339863544,0.5592517057397747,,,
2019/11/26 15:30,,0.5490765772661209,0.18386687259586332,0.6744590088215519,0.18632576593455236
2019/11/26 15:40,,0.56357349785123,,0.6638054913649641,
2019/11/26 15:50,,,,,
2019/11/27 9:30,,0.6026683136673635,0.18115917063792236,0.6743579796096391,
2019/11/27 9:40,,0.6234391948588859,0.19091671419336065,0.6687380300103933,
2019/11/27 9:50,,0.6622990900106159,0.1914101342928281,0.6547649172767727,
2019/11/27 10:00,,0.6589831910011352,0.19453535901059,0.6748848948071082,
2019/11/27 10:10,,0.6564229573311334,0.20218979426618677,,
2019/11/27 10:20,,0.6757204591624765,,,
2019/11/27 10:30,,0.6768071456450988,0.22113206963872184,0.6521605465278872,
2019/11/27 10:40,,0.686327030176476,,0.6657878478626473,
2019/11/27 10:50,,0.6837732834972239,0.24224966556921768,,
2019/11/27 11:00,,0.6696043054196774,,0.6648699667632147,
2019/11/27 11:10,,,0.24910678957245547,,
2019/11/27 11:20,,0.6853167606316712,0.24501581514345905,,
2019/11/27 11:30,,,,,0.17372898405619153
2019/11/27 11:40,,,0.23596903646145517,0.6636808995507099,
2019/11/27 11:50,,0.6877352345332208,,0.6594278448314299,0.18766762340241072
2019/11/27 12:00,,0.680671745213614,0.2567568008863952,,
2019/11/27 12:10,0.7847974448037968,0.6658727752312488,0.25240068331102755,0.6688467888657224,
2019/11/27 12:20,,,0.25398350114438956,0.6712786903220469,
2019/11/27 12:30,,0.6785417491221395,,,
2019/11/27 12:40,,0.6791003029665013,,0.6721131381770455,
2019/11/27 12:50,,0.6763637053076522,0.24999349896901635,0.6709865355357537,
2019/11/27 13:00,,0.6829803426596589,,,
2019/11/27 13:10,0.7714935797275426,0.6860429977472099,,,
2019/11/27 13:20,,0.6995910299497624,,0.6793905285684958,
2019/11/27 13:30,,0.704677265643018,0.2637184897198212,,
2019/11/27 13:40,,0.6812288845860077,0.2555472593463916,0.6757680903545238,
2019/11/27 13:50,,,,,0.1783491154907188
2019/11/27 14:00,,0.6987100642391834,,0.6896817589878361,0.17559332003042621
2019/11/27 14:10,,,0.24621985582861272,0.697013808310569,
2019/11/27 14:20,,,0.24610881173309435,,
2019/11/27 14:30,,,,0.6997831784199735,
2019/11/27 14:40,,0.6867262342780225,,,
2019/11/27 14:50,,0.6759415002378188,0.2463372801625845,,
2019/11/27 15:00,,0.6764820418076297,,0.6878371583446024,
2019/11/27 15:20,,0.672420239160433,,,
2019/11/27 15:30,,0.6785446050757189,0.25913045230203147,,0.18896778205784853
2019/11/27 15:40,,,,0.6999430672106945,
2019/11/27 15:50,,,,,
2019/11/29 9:30,,0.650755599950137,0.24230771151667652,0.6843201018553098,0.18535649034949436
2019/11/29 9:40,,,0.2728210701335676,0.6805977927474236,
2019/11/29 9:50,,0.6973870700504847,,0.6938998455086447,0.18962589574800148
2019/11/29 10:00,,0.6896500291911218,0.28825393004992605,0.7081497717573046,
2019/11/29 10:10,,,0.2802632943848623,0.693215555114879,
2019/11/29 10:20,,0.6876374432227634,0.2838637792144305,,0.20276135156051878
2019/11/29 10:30,,0.7038690998642632,0.27625727095598396,,0.2056815399902565
2019/11/29 10:40,,0.7094034079171243,,0.6892046029318577,
2019/11/29 10:50,,,0.3080022502143445,,
2019/11/29 11:00,0.7585337962159133,0.7010707667861624,0.3032984041726814,,
2019/11/29 11:10,,0.7030448080985445,0.2977976663369297,,
2019/11/29 11:20,,0.6989497087781311,,0.6715053293536909,
2019/11/29 11:30,,,0.3020616178983968,,
2019/11/29 11:40,,,0.32238343182925944,0.694521952566189,
2019/11/29 11:50,,,0.31652124955674754,,
2019/11/29 12:00,,0.7145655596936593,0.29297363000777527,0.6800387481192551,
2019/11/29 12:10,,0.7048346289440957,,,0.19601812060394458
2019/11/29 12:20,,,0.2646592854216001,,0.19383691139738907
2019/11/29 12:30,,0.6688530721378037,0.2614439625595859,0.6876880797242972,
2019/11/29 12:40,,0.6654448759637386,,0.6900962696085864,0.2062937900928405
2019/11/29 12:50,,0.6572563505122953,0.2628503663510464,,
2019/12/2 9:30,0.662535718709321,0.6244198702837106,0.24495890431823653,0.6286653383888292,0.14397936250776194
2019/12/2 9:40,,,,0.6183677267276874,0.1172529988939437
2019/12/2 9:50,,0.5869904158778825,0.2462572072231431,0.5735682752682647,0.11378837353661075
2019/12/2 10:00,,0.5693990241394471,0.24378933144146886,0.5421297423579365,
2019/12/2 10:10,,0.569033494226635,0.24663534968782042,0.5421204881482669,0.12292782371181804
2019/12/2 10:20,,0.5754217852517546,0.22308292715807493,0.5296121544715914,
2019/12/2 10:30,,0.5475402185428385,0.2082459499566921,0.5046861442507089,
2019/12/2 10:40,0.5642259086204525,0.5603293605926171,0.20268465352538212,0.5029463759702565,
2019/12/2 10:50,,0.5487486677278748,,0.5186178564854157,
2019/12/2 11:00,,0.5487466918787482,,0.5239566003524221,0.10741531676854527
2019/12/2 11:10,,,,0.5401966983529833,
2019/12/2 11:20,,0.5750026259230994,0.21945604366798416,0.5436600669811248,
2019/12/2 11:30,,0.5868486617441949,,0.5521762217419951,0.09879294952379286
2019/12/2 11:40,,0.5801110143775223,,,
2019/12/2 11:50,,0.5894970556779546,,0.5614583695480004,0.11689741695864053
2019/12/2 12:00,0.5916407542193494,0.610756186529465,0.2280818003591713,0.5783525555556204,
2019/12/2 12:10,,0.6110671319300571,,0.5844949737017098,
2019/12/2 12:20,,,,0.5651616140931249,
2019/12/2 12:30,,0.5798937987768541,,0.5655904008212166,
2019/12/2 12:40,,0.5882000325269182,,,
2019/12/2 12:50,,0.5787929209695449,,0.570556023967028,0.1137406296162225
2019/12/2 13:00,,0.5947764862867692,,,0.12065710441850436
2019/12/2 13:10,,0.5965345049768784,,0.5952876227723384,
2019/12/2 13:20,,0.5974256322032734,,,
2019/12/2 14:00,,0.5867247558902897,,,
2019/12/2 14:10,,0.5960495526848364,,,
2019/12/2 14:20,,,,0.6104507677984958,
2019/12/2 14:30,,0.6133717796971041,,0.5936339762295618,
2019/12/2 14:40,,0.6245835005783403,,0.6064775517813047,
2019/12/2 14:50,,0.6169876461364626,,0.604478902142275,
2019/12/2 15:00,,0.5986305459105222,,,
2019/12/2 15:10,,,,0.6105128791139691,
2019/12/2 15:20,,0.6072538041664685,,,
2019/12/2 15:40,,0.6197232705585715,0.2360005002122298,,
2019/12/2 15:50,,,,,
2019/12/3 9:30,0.507892942064168,0.47883050505512526,0.215600097755137,0.5309349156105908,
2019/12/3 9:40,0.49839915239526145,0.43618782177371584,0.2115997028367606,0.4962389497203768,
2019/12/3 9:50,0.5101652984141334,0.4763642264100989,0.22218064390748749,0.5075518446497743,
2019/12/3 10:00,0.49090011728928395,0.47447887508543357,0.2266310373073412,0.513449702675964,
2019/12/3 10:10,0.5071492432624576,0.4933735020956921,0.2469535860712001,0.5521331948041452,
2019/12/3 10:20,0.5032297590500372,0.4881398657592592,,0.5325355224126629,
2019/12/3 10:30,0.4945347820115012,0.4920677146305487,0.2393065641312161,0.5364720372656424,0.12049036766413512
2019/12/3 10:40,0.47967288456455554,0.4801129699826262,,0.5286751341826941,
2019/12/3 10:50,0.4832410618015209,0.4814644303432249,,0.5235796117135341,
2019/12/3 11:00,,0.4765406852396017,0.2566645813153108,0.5323606471835783,
2019/12/3 11:10,0.48038862726769027,0.47353902466610087,,0.5419676766262552,
2019/12/3 11:20,,0.46221475961017566,0.25764249851396265,0.5423916912210794,
2019/12/3 11:30,,0.4730258170977122,,0.54418437831496,
2019/12/3 11:40,,,0.25080417773416896,,
2019/12/3 11:50,0.49802992032744625,0.47739375443489296,,0.5263507004198182,
2019/12/3 12:00,0.4980427220582183,0.49096129967631513,,,
2019/12/3 12:10,0.5076334400204365,0.502724692966339,,0.5346412095898457,
2019/12/3 12:20,0.5046145365247855,0.4972078209249733,,0.5348408854977152,
2019/12/3 12:30,0.513297618722986,0.4971479718337538,,0.5259894353246108,
2019/12/3 12:40,0.5112217744810954,0.5061742508213208,,0.5197320234300071,
2019/12/3 12:50,,0.5038331182277278,,0.5231507884415244,
2019/12/3 13:00,,,,0.5165404792256408,0.12252746743613074
2019/12/3 13:10,0.5010876078832128,0.5124285098315466,,0.5237742197154768,0.1194917848724254
2019/12/3 13:20,0.5205062648312887,0.5112952939847623,,0.5280264070574109,
2019/12/3 13:30,0.5225713685516037,,0.24219539518445604,0.5249794408776394,0.12319785200646804
2019/12/3 13:40,0.529794368495979,0.5166380082815379,,0.5153379447473626,
2019/12/3 13:50,,0.5049526644773789,,0.5123213091986566,
2019/12/3 14:00,0.5259151575545044,0.5096179755176411,,0.509832046015975,
2019/12/3 14:10,0.5213239756505348,0.5003045121912243,,0.5020386659954574,
2019/12/3 14:20,,0.5058714281166838,,0.5110294712088086,
2019/12/3 14:30,,,,0.5096106309116407,
2019/12/3 14:40,,0.5267958263366932,0.2721132937057763,0.5214000135941754,
2019/12/3 14:50,,0.5255767087766169,0.27465565550968574,0.5236303066885358,
2019/12/3 15:00,0.5425624612756564,,,0.5200144863526394,
2019/12/3 15:10,0.5534639116994103,0.5434426982462167,,0.5325072940784248,0.1277055622510525
2019/12/3 15:20,0.5733564310438669,0.5526817285427451,,0.5524186178410962,
2019/12/3 15:30,,0.5406895485346045,,0.5355644025070203,
2019/12/3 15:40,0.5904945951509744,0.5586180562688332,,0.5409989010537356,
2019/12/3 15:50,,,,,
2019/12/4 9:30,0.6395655211197174,0.6050761911608001,0.32109047993853634,0.5251094461025269,
2019/12/4 9:40,,0.6019640238703403,0.321092037286159,0.527527115612091,
2019/12/4 9:50,0.6591981265084348,0.5858379251279834,0.31346014413576606,0.5125597325397206,
2019/12/4 10:00,,0.5925108247122121,0.2717590242011819,0.5036435190777152,
2019/12/4 10:10,,0.594087108762108,,0.5163229314932092,
2019/12/4 10:20,0.6113609161473058,0.5963222985609917,0.275675395622228,0.5007726717745233,0.103922754065353
2019/12/4 10:30,,0.6007406763572866,,0.501615894908292,
2019/12/4 10:40,0.6106547853031683,0.5899880836992811,,0.4869941793157133,
2019/12/4 10:50,,0.5833881128071813,,0.5124029171761201,0.10365846595004707
2019/12/4 11:00,0.5973442958340802,0.5726696486683475,,0.5252173450080556,
2019/12/4 11:10,,0.5568557130469255,,0.5189141737628601,
2019/12/4 11:20,,0.5635723078990879,,0.5293186047903429,
2019/12/4 11:30,,0.5615688279968211,,0.5331101919958363,
2019/12/4 11:40,,0.5711814385504721,,0.5203973944552868,
2019/12/4 11:50,,0.5526897285116958,,0.5170980793096934,
2019/12/4 12:00,,0.5551591046564275,,0.5125621062712074,
2019/12/4 12:10,,0.5486878470125017,,0.515103187032736,0.08830124479762991
2019/12/4 12:20,,0.5539477045879672,,0.5190703593502588,
2019/12/4 12:30,0.5686190756086533,0.548494374240769,0.22308550213439582,0.5219017635442214,
2019/12/4 12:40,,,,0.5219216953272778,
2019/12/4 12:50,,0.5604060852094992,,0.5157467160639887,0.0946031140471742
2019/12/4 13:00,,0.5698927563991555,0.20505132212962324,0.5131813950306887,
2019/12/4 13:10,0.5647489897382438,0.5626229993907879,,,
2019/12/4 13:20,,0.5743117043190263,,0.5172997534689424,
2019/12/4 13:30,,0.5793287585634886,0.22309434376385845,0.5148851604971053,
2019/12/4 13:40,,0.5832412742154599,,0.5177682717003235,
2019/12/4 13:50,,,,0.5304029574433704,
2019/12/4 14:00,,0.5951673182558206,0.23601689914724505,0.5211736319485581,0.09491355212251212
2019/12/4 14:10,0.557352788175107,0.5938373200240408,,0.512695195822007,
2019/12/4 14:20,,,,0.5115798032601999,0.09800856867916741
2019/12/4 14:30,,0.5812748477645305,,0.5124776009459306,
2019/12/4 14:40,,,0.2471493783096294,,
2019/12/4 14:50,,0.5873045589511935,,0.5216584682936319,0.1034103195206697
2019/12/4 15:00,,0.5663508621137103,,0.5240117576530036,
2019/12/4 15:10,,,,0.5173239372924174,0.10516133812852718
2019/12/4 15:20,0.5384272943406646,,0.21179675092729205,0.5130610449157105,
2019/12/4 15:30,,0.5749086685331454,,0.5037226503410279,
2019/12/4 15:40,,0.5784908924727175,0.21595969958354072,0.5070534297343523,
2019/12/4 15:50,,,,,
2019/12/5 9:30,0.48330019188507817,0.6196414591103244,0.2236815573526873,0.5246547010165903,
2019/12/5 9:40,,0.6456024950203252,,0.47554123000504794,
2019/12/5 9:50,,0.6135519240461506,0.20284004221457896,0.4631571480822381,0.09972067497736375
2019/12/5 10:00,,0.5621051821915177,,0.44580466691716336,
2019/12/5 10:10,0.4469499957865755,0.5763504467718823,0.19569651790119275,0.4428849114386671,
2019/12/5 10:20,0.4520059571757642,,,0.43393201676052895,
2019/12/5 10:30,0.46823804444381517,0.5923789213176107,,0.45352225844130845,
2019/12/5 10:40,0.4673004106064968,0.6022733284753756,,0.45328984943585815,
2019/12/5 10:50,0.4590998979231514,0.5925554788027804,,0.43926965182902483,
2019/12/5 11:00,,0.5942435687075244,,0.42544565464072137,
2019/12/5 11:10,,0.5807807614855405,,0.42212865461530247,
2019/12/5 11:20,,0.5762574942516631,,0.40532728854353894,
2019/12/5 11:30,0.4597827487598874,0.574608302282097,,0.4067567863732962,0.10537780875061165
2019/12/5 11:40,,0.5659756088784087,,0.3872063910879352,
2019/12/5 11:50,0.4550815860017234,0.5664976386847317,0.2252276066798889,0.42077116488372224,
2019/12/5 12:00,0.45489530949843926,0.5720145329999534,,0.42767979208101187,
2019/12/5 12:10,,0.5657362535879797,,0.43073857737540355,
2019/12/5 12:20,,,,0.42874147344381264,
2019/12/5 12:30,0.4494267911073915,0.5693998650200943,,0.43982312844365196,
2019/12/5 12:40,,0.5639598148629599,,0.42429437952202353,
2019/12/5 12:50,0.44862954168521935,,0.2201439059565964,,
2019/12/5 13:00,,,0.2232949744961517,0.40743711298981633,
2019/12/5 13:10,,,,0.4043333102051334,
2019/12/5 13:20,0.4386650050789397,0.5581592532036492,0.224806203829368,0.3996438586716991,
2019/12/5 13:30,,0.5613040633185069,,0.40330338980028196,0.09506660850423265
2019/12/5 13:40,,,0.24597165960712136,0.4013137422531218,0.08736019182182048
2019/12/5 13:50,,,,0.3972066553995658,
2019/12/5 14:00,,0.5786709188702023,,0.40521439353154726,
2019/12/5 14:10,0.45949411667566326,0.5747725533895808,,0.4193626227880119,
2019/12/5 14:20,,0.5854945768265929,,0.4332711356409167,
2019/12/5 14:30,,0.5932331009167887,0.2615195903989519,0.4384270137932319,
2019/12/5 14:40,,,0.26141014211142855,0.44857460962178175,
2019/12/5 14:50,0.4459690519246381,0.5737767585511377,,0.445953562720484,0.08448516030170661
2019/12/5 15:00,,0.5722279814942963,,0.45732762097343566,
2019/12/5 15:10,0.4439747962738848,,,0.4749006373442537,
2019/12/5 15:20,,0.5864889286762108,,0.48632024576309496,
2019/12/5 15:30,,0.5940292995515248,,0.4815614340407815,0.0935699980727333
2019/12/5 15:40,0.42757903750749465,0.5865060995181475,,0.47119875226530183,
2019/12/5 15:50,,,,,
2019/12/6 9:30,0.48073878424710575,0.6392788013436599,0.323396995761845,0.5342022447682139,
2019/12/6 9:40,0.48805732366909266,0.6574342521515252,0.3235768319707186,0.5342507475613152,
2019/12/6 9:50,0.4857518068877203,,0.3392694453098578,0.5238050003646932,0.10506389877493788
2019/12/6 10:00,,,0.3522288176700844,0.5039901186903925,
2019/12/6 10:10,0.47935333550563425,0.6380649237526406,0.34299268194343396,0.5013464760957358,
2019/12/6 10:20,,0.6473135633773035,,0.4948175606052521,
2019/12/6 10:30,0.4549085687775803,0.6481838019922896,,0.4927652632291106,
2019/12/6 10:40,0.46053607713965833,0.6501042757267412,,0.4734664906633224,
2019/12/6 10:50,0.45344054302446585,,,0.48006275313660307,
2019/12/6 11:00,,0.6504471650360755,,0.5013446954168582,
2019/12/6 11:10,,0.6609362000567852,0.31481402455427815,0.5091864675235371,
2019/12/6 11:20,0.4410895659628443,0.6686221116417156,0.3200876189082833,0.5124715098397072,
2019/12/6 11:30,,0.6759582318764712,0.30428295058858745,0.5108663706341283,
2019/12/6 11:50,0.4205984226148854,,,0.5043557210337519,
2019/12/6 12:00,,,,0.5020346833493051,
2019/12/6 12:10,,,0.33098124809048934,0.5117528520090862,
2019/12/6 12:20,,0.6610320815934554,,0.5327525803180514,0.10055740546037006
2019/12/6 12:30,,0.662235635806914,,0.5322559279448422,
2019/12/6 12:40,0.488833677882255,0.6622121664110743,0.33567408532873266,0.5330072454586179,
2019/12/6 12:50,0.4603125137075022,0.6542189630680415,,0.5335898520338183,
2019/12/6 13:00,,0.6629145914203575,0.34066759604939234,0.529102477389573,
2019/12/6 13:10,,,0.34455456545901314,0.5458257994982773,
2019/12/6 13:20,,0.6595518983231752,0.3482495064601938,0.5535023262364521,
2019/12/6 13:30,,,0.34501585377474053,0.5621888680795302,
2019/12/6 13:40,,,0.3433460693019903,0.5694822891607711,
2019/12/6 13:50,,0.6662401241132425,0.3403591037826328,0.5671233272187898,
2019/12/6 14:00,,,,0.5736042799044113,
2019/12/6 14:10,,0.6687780274941196,,0.5704955643896563,
2019/12/6 14:20,,,,0.5774585364337447,
2019/12/6 14:30,,0.6662109848695497,,0.5656995097560836,
2019/12/6 14:40,,0.6655251685480529,0.3386598138281698,0.5732106061181608,
2019/12/6 14:50,,,,0.5738851006970065,
2019/12/6 15:00,,,,0.5643648276680573,
2019/12/6 15:10,0.4633327210374237,,0.31894089512121526,0.5633972365584085,
2019/12/6 15:20,0.4723595759136197,0.6650640763872646,,0.5613687230431457,
2019/12/6 15:30,0.47124426380502316,0.6764195916910332,,0.5760397163019753,
2019/12/6 15:40,,0.6549905709530613,0.344146056126731,0.5725104362805917,0.12160374122462908
2019/12/6 15:50,,,,,
2019/12/9 9:30,0.5362046860402333,0.6991529683682205,0.29818124735234974,0.6217269579254949,0.17206783760263317
2019/12/9 9:40,0.5575299541128912,0.7171263067362147,0.3234434070495547,0.5854778883733767,0.18247945143161598
2019/12/9 9:50,0.5450807673201455,0.7104807311629869,0.3386397835825783,0.5837565406386218,0.1973319850788839
2019/12/9 10:00,0.5469670876681655,0.7405849862149902,0.3589474824073783,0.6042333105656054,0.1705044286909635
2019/12/9 10:10,0.5390231392730468,0.7546855630574083,,0.5969041052828531,0.16785465847365066
2019/12/9 10:20,0.5220887564414427,0.7429026454540092,0.3243937104501087,0.644105167639994,0.16166717069617736
2019/12/9 10:30,0.5265807307730462,,,0.6174720273381065,0.1549567539420601
2019/12/9 10:40,0.5259127967481301,,0.32291916584400815,0.6117922505066389,0.1549139730009894
2019/12/9 10:50,0.5396994128959791,0.7254251938315626,0.3143984506471967,0.5831475534061974,0.15282199933531765
2019/12/9 11:00,0.523470980748088,0.7390776695265333,,0.5968925903711398,0.1652422470259189
2019/12/9 11:10,0.5013081702738387,0.7361389873437063,,0.5917338704719745,0.15784267316423667
2019/12/9 11:20,0.5042293134691697,,,0.5941818501672903,
2019/12/9 11:30,0.5037748137690382,,0.32121022719409914,0.5942526895167892,
2019/12/9 11:40,0.5126378240937872,0.7499756943105973,,0.5902763109117696,
2019/12/9 11:50,0.5236741006106578,,,0.5784625767352554,0.1746842074121655
2019/12/9 12:00,0.5167896289704843,,,,0.1794822911363641
2019/12/9 12:10,0.5195901724892318,0.7226270318658443,,0.5761304387130538,0.18259609026795715
2019/12/9 12:20,0.5176777326811618,,,0.5587963822827939,0.17971459568692927
2019/12/9 12:30,,,,0.5643534126635992,0.17889368959978041
2019/12/9 12:40,0.49993246306702904,,,0.546690577351578,
2019/12/9 12:50,0.49705578222774877,,,0.527991556250408,0.1781727262684319
2019/12/9 13:00,0.48725063585818934,0.7178592481316528,,0.532654337020491,0.178341052969555
2019/12/9 13:10,0.47411352414326363,0.7068545526064789,,0.5168372053517217,0.17740945465608604
2019/12/9 13:20,0.48899785410630553,,,0.5061368015121376,0.1753477373054384
2019/12/9 13:30,0.49039675778733094,,,0.5197017720500332,
2019/12/9 13:40,0.48264143946999394,0.7197122950531831,,0.5055146895419615,
2019/12/9 13:50,,,,0.4896289011140714,
2019/12/9 14:00,0.45175391524671127,,,0.46488506136522445,
2019/12/9 14:10,,,0.26964765460836854,0.4612704955398459,
2019/12/9 14:20,,,,0.47116861029128626,
2019/12/9 14:30,0.466154476275933,,,0.4714466599979614,
2019/12/9 14:40,0.46079304369218504,,,0.47098907043862376,
2019/12/9 14:50,0.4564664555531371,,,0.47684828415558206,
2019/12/9 15:00,0.4620712795466278,,,0.48746159310356796,0.15257628810000096
2019/12/9 15:10,0.46935895830756746,,,0.48085900800370773,
2019/12/9 15:20,,,,0.4749488580393502,
2019/12/9 15:30,0.4674127901239814,,,0.4669071512955451,0.1428719872335742
2019/12/9 15:40,0.4564701954365368,0.6786970848079548,0.2426109253851263,0.46777360215578045,0.1410189233160165
2019/12/9 15:50,,,,,
2019/12/10 9:30,0.4118119903400599,0.6663537775976283,0.20095153103406932,0.3121276441446291,
2019/12/10 9:40,0.4290649319171762,,,0.3584232110870691,0.1613733105476371
2019/12/10 9:50,,0.6679711743035973,,0.33116584760703976,0.1625285054824499
2019/12/10 10:00,0.42932073253797154,,,0.3342170398813561,
2019/12/10 10:10,0.4438290913220047,0.6440256249706264,,0.3305939685210001,
2019/12/10 10:20,0.4555910764265779,0.6900035406329197,,0.3005590718675403,
2019/12/10 10:30,0.4405322216567521,0.6594172399437298,,0.3083828679796793,
2019/12/10 10:40,0.4205136350997948,,,0.2812655306894203,0.1430313492582097
2019/12/10 10:50,,0.6684404463048406,,0.2900838821417109,0.1423454750091287
2019/12/10 11:00,0.42761786951616376,0.6637857742367947,,0.31326132874518287,
2019/12/10 11:10,,0.6712381332930835,,0.330544258445188,0.12864018526141535
2019/12/10 11:20,,,,0.35095673767221763,0.12459689639461408
2019/12/10 11:30,,,,0.3342883243396436,
2019/12/10 11:40,,0.6674814502304508,,0.32912835430316556,0.12448302281303214
2019/12/10 11:50,,0.6781119948335699,,0.31842867641035055,
2019/12/10 12:00,0.4014905461967763,,0.24931974436513604,0.3250729456302597,
2019/12/10 12:10,,,,0.3117338116317362,
2019/12/10 12:20,,,,0.31276883955905377,0.11287296686504161
2019/12/10 12:30,0.4032192386931279,,,0.3076663437355792,
2019/12/10 12:50,0.3958846713660158,0.6602106396815485,,0.3375862052341455,
2019/12/10 13:00,0.40333150060168016,0.6834619352530429,,,0.11538062767773183
2019/12/10 13:10,0.4088331904674623,,,,
2019/12/10 13:20,0.4075617480812206,0.6749446637116931,,0.3198394216007321,
2019/12/10 13:30,,,0.23735032437497133,0.3137353082235007,
2019/12/10 13:40,,,,0.28673119162266414,0.11128348513439917
2019/12/10 13:50,0.39047528110281454,,0.2277538038547564,0.2750839997036089,
2019/12/10 14:00,,,0.2426506815306088,0.2675937258201668,0.1092805266447362
2019/12/10 14:10,,,,0.2643507288236939,
2019/12/10 14:20,0.39456314201249243,0.656489834156777,,0.24262445051541826,
2019/12/10 14:30,,0.6590793643131331,,0.21441920027865158,0.10641361724043435
2019/12/10 14:40,0.37123402524468596,,,0.2292730833901807,
2019/12/10 14:50,,0.6699607109964041,,0.2567272325928103,
2019/12/10 15:00,0.3747984549127416,,,0.2525389149564894,
2019/12/10 15:10,0.3845721368761693,,,0.2434365589379332,
2019/12/10 15:20,0.36868832097343385,0.674147637938128,,0.22668917140899064,
2019/12/10 15:30,0.37073586508067713,0.6444452938819225,0.23396659451277213,0.2324710074475153,
2019/12/10 15:40,0.3756895908890091,0.6529916175837522,0.22642142942109333,0.2184657953671787,
2019/12/10 15:50,,,,,
2019/12/11 9:30,0.3690696518604241,0.6843129491224739,0.24179021170496395,0.30833920654284985,0.09617947694091372
2019/12/11 9:40,0.40900089655847904,0.6775752546286641,,0.3229981525022516,0.08220903058947965
2019/12/11 9:50,0.4067038919116712,,0.2331834929929505,0.30349829898176256,0.08246453571558965
2019/12/11 10:00,0.3953487127677744,0.66704503539721,,0.313418979880582,0.08686949969733998
2019/12/11 10:10,0.3870446442739881,0.7147448258345953,,0.3234374705264491,
2019/12/11 10:20,0.3811308721139387,,,0.3316978354663205,0.08380367769258973
2019/12/11 10:30,0.36728156914528537,,0.23878815416341082,0.33803898825506085,0.07941665786555874
2019/12/11 10:40,0.3685462826643684,,,0.3282132325778788,
2019/12/11 10:50,0.36547465526018186,0.7151127364824568,,0.3274573650083379,
2019/12/11 11:00,,,0.23173414125592506,0.32068731295873365,
2019/12/11 11:10,0.37319153507196356,0.7066079110178521,,0.3189391009124834,0.07393308299945059
2019/12/11 11:20,,,0.2588715817381258,0.29309720029974556,
2019/12/11 11:30,,,,0.29585218022550114,
2019/12/11 11:40,,,,0.3043023619448232,0.0790113176984123
2019/12/11 11:50,0.3640280460421794,,0.2798899187886841,0.31337375669661155,0.07004309961871363
2019/12/11 12:00,,0.688168667290378,0.28345453758098116,0.31019933197650934,
2019/12/11 12:10,,,,0.32253520341365893,
2019/12/11 12:20,0.36798774808363865,,,0.3210750326199828,
2019/12/11 12:30,0.36939673945333007,,0.2721647238805464,0.3068794450101343,0.08100909629283931
2019/12/11 12:40,,,0.25044367009791724,0.30441183864730587,
2019/12/11 12:50,,0.6934003386986937,,0.3075471971105447,0.08745728091176824
2019/12/11 13:00,0.36307673822838116,0.6873488496855341,,,0.0860369408451756
2019/12/11 13:10,0.36938488367875955,,,0.3037528717136074,
2019/12/11 13:20,0.3714769272433569,,,,
2019/12/11 13:30,0.3733098496622177,,0.2466177254090715,,0.08366560822805996
2019/12/11 13:40,,,,0.3249607496238769,
2019/12/11 13:50,0.3909802796152243,0.709964431407559,,0.3211011279148106,0.08176609990076977
2019/12/11 14:00,0.42680079845157076,0.7173084732488678,,0.31647934750267487,0.08738482267741815
2019/12/11 14:10,,,0.26330623659985475,0.315279720552869,
2019/12/11 14:20,0.4230789590433005,0.7427166983522004,,,0.08678256250306343
2019/12/11 14:30,0.42074038519751,0.7461407320243533,0.2737643747858389,,
2019/12/11 14:40,,0.73928099121603,,0.3164471638128445,
2019/12/11 14:50,,0.7559614410288236,0.28631509292650487,0.3337735554362105,
2019/12/11 15:00,,,,0.33730838148751074,0.08970889476391336
2019/12/11 15:10,,,,0.3329923734278383,
2019/12/11 15:20,,0.754814139294568,0.3137934632014163,0.3401247369503252,0.09006593366629645
2019/12/11 15:30,,0.7429950573202729,,0.34278662704049506,
2019/12/11 15:40,0.43061767075327795,0.7490731150510419,0.33135828696662434,0.3494170711777019,0.08687436867208931
2019/12/11 15:50,,,,,
2019/12/12 9:30,0.5028483617717658,0.7701558550750462,0.46136210594677635,0.3470322365943136,0.09628313952263495
2019/12/12 9:40,0.4945748480805182,0.7829515062515608,0.48675711739006017,0.3063494374467229,0.09927827828437724
2019/12/12 9:50,0.5032940954682241,0.783864003576479,0.45458303187687105,0.2866603141150922,
2019/12/12 10:00,0.5074488740115451,,0.4986417631820897,0.30644463181929865,0.10404471286790978
2019/12/12 10:10,0.5310484920753636,0.8006279987398877,0.4967433753498444,0.2881026814623896,
2019/12/12 10:20,0.55911823047111,0.8212775642866912,0.5117756667534252,0.3115856623908282,0.11063024806878408
2019/12/12 10:30,0.5425642114609933,0.790551207786726,0.46151413052163626,0.3048165556802886,0.114502487725955
2019/12/12 10:40,0.5075961849779679,0.7685089004334321,0.40713049400874224,0.2853804089426275,
2019/12/12 10:50,0.5296130377742552,0.7831284931032028,0.4181081151779254,0.2938715494489032,
2019/12/12 11:00,0.5286896655106748,0.747759263735527,0.3964412725531303,0.2855914184891531,0.10764858717525166
2019/12/12 11:10,0.5311549351107885,0.7231810629853208,0.37489610308582355,0.2846035012099762,0.09995528300554646
2019/12/12 11:20,0.47728315441514796,0.7053418426129537,0.33958298905411466,0.2649501903518341,0.08223452457171398
2019/12/12 11:30,0.49678981010461537,0.7148611501582955,0.33775333066277147,0.2782474105612541,
2019/12/12 11:40,0.49033311076950425,,0.35612046510996753,0.2782480731638358,
2019/12/12 11:50,0.45718572022562465,0.710058490675715,,0.27917583041052185,0.09006675398543418
2019/12/12 12:00,0.4646610955265249,0.7209506644390438,0.3851730449246548,0.25783460667487434,
2019/12/12 12:10,0.4370530208704414,0.7039779018599444,0.3618091746525982,0.2545133782386063,0.08919841803141032
2019/12/12 12:20,,0.6939387438411145,0.3609677212658083,0.26715296514468656,
2019/12/12 12:30,0.4621595843132541,0.7090190244958098,,0.2844373044609971,0.09393691308639984
2019/12/12 12:40,,,,0.2707695276732695,0.09147029787375838
2019/12/12 12:50,0.4606787806837727,0.6856929783748031,0.3880742694629114,0.2637577569392987,
2019/12/12 13:00,,,0.40825416751099547,0.2728020443498891,
2019/12/12 13:10,,0.7010698002000082,,0.2799300480965732,0.09147164481377196
2019/12/12 13:20,0.46817477857329765,,0.3910139513517733,0.27427505710463623,
2019/12/12 13:30,0.45649731850963615,,,0.2681098353229784,0.0890595017342663
2019/12/12 13:40,0.4676306799332676,,0.4100694622015255,0.2624147569417383,0.09042018263631979
2019/12/12 13:50,0.48651929908461156,0.6986332570896048,,0.25894124860573864,
2019/12/12 14:00,0.48949960432126827,,0.43409403490094167,0.27294209349343723,0.09505021345980602
2019/12/12 14:10,0.4771593600010497,0.5508224328312272,0.4426243245304871,0.28068705055065685,0.09415915553198884
2019/12/12 14:20,0.4626375046307787,0.47171185650313757,0.45052785434873455,0.28098422972755044,0.09452049623886433
2019/12/12 14:30,0.5073595107990309,0.38774618676345124,0.4514508664990559,0.30575960860512114,0.09436614430852236
2019/12/12 14:40,0.4900538376793497,0.37118407662424724,0.435869678998227,0.28802587676111435,0.08889241990855085
2019/12/12 14:50,,0.38631876659182096,,0.29850230188378823,0.08816168130675922
2019/12/12 15:00,0.4977616791010735,0.43389443197887656,0.4601843813168815,0.3024695948233398,0.08492498127493098
2019/12/12 15:10,0.49318576966760075,0.4474180613461892,0.4656244742254932,0.2948170561876789,0.08538558634269178
2019/12/12 15:20,0.5144276854352602,0.4561147841856985,,0.3070000721777477,0.09829614177948232
2019/12/12 15:30,0.5166126416616046,0.4679198204315217,,0.31572246905922896,0.09051256436377053
2019/12/12 15:40,0.5510676321973854,0.4753907668596365,0.5116357465881264,0.3317184588161889,0.09629269317611322
2019/12/12 15:50,,,,,
2019/12/13 9:30,0.5325044536919634,0.3673586854649496,0.5229689945641359,0.36520018312156755,0.24489621519073068
2019/12/13 9:40,0.5087360360284046,0.33197989962832386,0.4963795880640189,0.38225871490680907,0.26281028098035886
2019/12/13 9:50,0.5330786245676878,0.3784855290246598,0.482262132243233,0.3810347664063787,0.2877931484101087
2019/12/13 10:00,0.5860061450148877,0.395163629858844,0.5460428600693555,0.38764842129171745,0.3203879819450798
2019/12/13 10:10,0.5755170502215003,0.33263914412569184,0.462570121152264,0.3867758910795017,0.3294327785054217
2019/12/13 10:20,0.5505330189603485,0.3321567915577852,0.4620377435349079,0.3764196215200848,0.31870863276321426
2019/12/13 10:30,0.4943549075055847,0.298705035780518,0.43012610356091063,0.3519112237873619,0.3207223247355303
2019/12/13 10:40,0.5342020501749632,0.29717308180689894,0.4214913524650565,0.3690129628056621,0.3574966361692909
2019/12/13 10:50,0.5237050496501628,0.3193509732497283,,0.35028512044874005,0.33200415703524994
2019/12/13 11:00,0.5523281067550656,0.32548734895363673,0.47994647008558405,0.34695642693551265,0.33856625491491077
2019/12/13 11:10,0.5139840725907966,0.2913573641411524,0.4222758389021543,0.300886238222263,0.34669947800123746
2019/12/13 11:20,0.5259670587934419,0.2716372590865718,0.39053762566639144,0.29747220254854456,0.32004683625736496
2019/12/13 11:30,0.5705718259130478,0.2936765055662327,0.41005153579632814,0.3042357434807561,0.35719663128213575
2019/12/13 11:40,0.5591438670955969,0.31983732090098443,0.3946112447160335,0.3030782797673789,0.32578844683115893
2019/12/13 11:50,0.5758548406248748,0.33190833333020864,,0.30142113322761444,0.28479104216773937
2019/12/13 12:00,0.5661772239570734,0.3336066060114353,,0.2903751788678728,0.3068557496743358
2019/12/13 12:10,0.5732963954901241,0.3583973781085291,,0.2827868889267121,0.2891356533439083
2019/12/13 12:20,0.569197917376381,0.35403078031466917,,0.286379836015378,0.31087609971495656
2019/12/13 12:30,0.5689122527162829,0.34344923008042694,,0.29830319269093897,0.3067630447997367
2019/12/13 12:40,0.582681025881312,0.3441194351551907,0.46187982147853457,0.3117846812063435,0.30468647553767436
2019/12/13 12:50,,0.34589013140187763,0.47165653289039206,0.3158713059266038,0.322025860966939
2019/12/13 13:00,0.6208739562937334,0.35517919334841797,0.4758949756461846,0.3300692931688709,0.3164580846931129
2019/12/13 13:10,0.6168928695212506,0.3391574409089799,0.4594516856190284,0.31194283229366615,0.29242624694005126
2019/12/13 13:20,0.595956587115976,0.3449191499417051,0.4630856537738583,0.3009973357882276,0.26826841111252364
2019/12/13 13:30,0.5959589401197809,0.34887517166109544,,0.2954153620138836,0.298847742596289
2019/12/13 13:40,,0.3478080544922003,0.4553115515333792,0.29772826168733035,0.26751295293156185
2019/12/13 13:50,0.5904175633190883,0.35568541823316446,,0.31031559965406075,0.2742093298056172
2019/12/13 14:00,0.6089856370841731,0.35545228042777627,0.48412611579856185,0.3092920626011307,0.2713276054821375
2019/12/13 14:10,0.6048823535569605,0.35563803563091745,0.4892534618215497,0.30646939031957154,0.28115247931263576
2019/12/13 14:20,,0.3659086794751915,0.4988726792890781,0.3033699806169736,0.28307874124420807
2019/12/13 14:30,0.6169048246637119,0.35026998964396727,,0.2908535419586522,0.26237794869907355
2019/12/13 14:40,,0.3456914358086838,0.4885454825999532,0.2917631763402556,0.26531808583244487
2019/12/13 14:50,0.621403007146127,0.32724847369099563,0.47728552775386146,0.2964213521455966,0.269751697386296
2019/12/13 15:00,0.6067691942359171,0.3347951356158656,,0.30117723391872026,0.2695683572031822
2019/12/13 15:10,0.6018053655361941,0.3074343921334872,,0.2927618693356215,0.26558289721764605
2019/12/13 15:20,0.5742938334439196,0.3245840632406277,,0.2771070564195251,0.2573533755820603
2019/12/13 15:30,0.5707230930519502,0.28055407684154515,0.46850796243533294,0.28373756981830656,0.2861099422260367
2019/12/13 15:40,0.5526331302125485,0.28186438181482043,,0.2803203680437868,0.28814915426534865
2019/12/13 15:50,,,,,
2019/12/16 9:30,0.5377556639070887,0.44161156726236017,0.5298507014967873,0.31849564711964706,0.4105110184890518
2019/12/16 9:40,0.5807804414820459,0.49435672616782417,0.5215292297560269,0.35657397369923327,0.4680459716808597
2019/12/16 9:50,0.5815057977108704,0.5100724933486674,0.4842363442189788,0.30033820145572976,0.4729340944377492
2019/12/16 10:00,0.550956644082599,0.5399028110512605,0.6134977196511414,0.2881012117604054,0.47854554760776197
2019/12/16 10:10,0.5219598988731973,0.6124952700204207,0.5696783361145334,0.3448805812483483,0.4982102345696336
2019/12/16 10:20,0.5352748260714234,0.6078834463813337,0.6055558933559816,0.4143036353107463,0.5031429901399138
2019/12/16 10:30,0.5218989908284708,0.6040951310554796,0.580870203035494,0.4753332588624895,0.468672553071266
2019/12/16 10:40,0.5383949845887157,0.6076235151085676,0.5863806438112875,0.5050200221061673,0.5111006292116743
2019/12/16 10:50,0.5420009032792399,0.5742768361253991,,0.4851535660111194,0.4844824944107004
2019/12/16 11:00,0.5844464763805942,0.5613920975869235,0.547997123563901,0.5212822272541998,0.4897361989864444
2019/12/16 11:10,0.565732562556504,0.5226726174223051,0.5639031960789259,0.5062614258384955,0.45724935532823147
2019/12/16 11:20,0.5570621883419455,0.5278008217084433,0.590108993465899,0.48988306232605955,0.4759861367024635
2019/12/16 11:30,0.5458593000033247,0.4895211199181525,0.5684206447945129,0.5049988533608405,0.4764318318162421
